<?xml version="1.0" encoding="UTF-8"?>
<beans xmlns="http://www.springframework.org/schema/beans"
	xmlns:xsi="http://www.w3.org/2001/XMLSchema-instance"
	xmlns:aop="http://www.springframework.org/schema/aop"
	xmlns:mvc="http://www.springframework.org/schema/mvc"
	xmlns:context="http://www.springframework.org/schema/context"
	xsi:schemaLocation="http://www.springframework.org/schema/mvc
    http://www.springframework.org/schema/mvc/spring-mvc.xsd
    http://www.springframework.org/schema/beans 
	http://www.springframework.org/schema/beans/spring-beans-3.0.xsd
	http://www.springframework.org/schema/context 
	http://www.springframework.org/schema/context/spring-context-3.0.xsd
	http://www.springframework.org/schema/aop     
    http://www.springframework.org/schema/aop/spring-aop-3.0.xsd 
    "
	default-lazy-init="true">

    <!-- 加载properties配置信息 -->
    <bean id="setting"
        class="org.springframework.beans.factory.config.PropertyPlaceholderConfigurer">
        <property name="ignoreUnresolvablePlaceholders" value="true" />   
        <property name="locations">
            <list>
                <value>classpath:*.properties</value>
            </list>
        </property>
        <property name="fileEncoding" value="UTF-8"></property>
    </bean>

	<!-- 切面处理 -->
	<aop:aspectj-autoproxy proxy-target-class="true" />

	<!-- 扫描 web\mgr的相关类 -->
	<context:component-scan
		base-package="com.kaistart.gateway.**" />
	<context:component-scan
		base-package="com.kaistart.auth.**" />

	<!-- 导入相关配置文件 -->
	<import resource="spring-mybatis.xml" />
	<import resource="spring-common.xml" />
	<import resource="spring-auth.xml" />
	<import resource="springmvc.xml" />

</beans>

