<?xml version="1.0" encoding="UTF-8"?>
<!DOCTYPE mapper PUBLIC "-//mybatis.org//DTD Mapper 3.0//EN" "http://mybatis.org/dtd/mybatis-3-mapper.dtd">
<mapper namespace="com.kaistart.gateway.mgr.mapper.GatewayApiMapper">
  <resultMap id="BaseResultMap" type="com.kaistart.gateway.domain.GatewayApiDO">
    <!--
      WARNING - @mbg.generated
      This element is automatically generated by MyBatis Generator, do not modify.
    -->
    <id column="ID" jdbcType="BIGINT" property="id" />
    <result column="GROUP_ID" jdbcType="BIGINT" property="groupId" />
    <result column="GROUP_NAME" property="groupName" />
    <result column="NAME" jdbcType="VARCHAR" property="name" />
    <result column="DESCRIPTION" jdbcType="VARCHAR" property="description" />
    <result column="SPECIAL" jdbcType="INTEGER" property="special" />
    <result column="STATUS" jdbcType="INTEGER" property="status" />
    <result column="HTTP_METHOD" jdbcType="INTEGER" property="httpMethod" />
    <result column="IS_AUTH" jdbcType="INTEGER" property="isAuth" />
    <result column="IS_LOGIN" jdbcType="INTEGER" property="isLogin" />
    <result column="AUTH_VERSION" jdbcType="INTEGER" property="authVersion" />
    <result column="SERVICE_NAME" jdbcType="VARCHAR" property="serviceName" />
    <result column="SERVICE_METHOD" jdbcType="VARCHAR" property="serviceMethod" />
    <result column="SERVICE_VERSION" jdbcType="VARCHAR" property="serviceVersion" />
    <result column="TIME_OUT" jdbcType="INTEGER" property="timeOut" />
    <result column="CREATE_BY" jdbcType="VARCHAR" property="createBy" />
    <result column="UPDATE_BY" jdbcType="VARCHAR" property="updateBy" />
    <result column="CDT" jdbcType="TIMESTAMP" property="cdt" />
    <result column="UDT" jdbcType="TIMESTAMP" property="udt" />
    <result column="VERSION" jdbcType="INTEGER" property="version" />
    <result column="RESPONSE_HEADER" jdbcType="VARCHAR" property="responseHeader" />
  </resultMap>
  <sql id="Base_Column_List">
    <!--
      WARNING - @mbg.generated
      This element is automatically generated by MyBatis Generator, do not modify.
    -->
    ID, GROUP_ID, NAME, DESCRIPTION,SPECIAL, STATUS, HTTP_METHOD, IS_AUTH, IS_LOGIN, AUTH_VERSION, 
    SERVICE_NAME, SERVICE_METHOD, SERVICE_VERSION, TIME_OUT, CREATE_BY, UPDATE_BY, CDT, 
    UDT, VERSION,RESPONSE_HEADER
  </sql>
  <select id="selectByPrimaryKey" parameterType="java.lang.Long" resultMap="BaseResultMap">
    <!--
      WARNING - @mbg.generated
      This element is automatically generated by MyBatis Generator, do not modify.
    -->
    select 
    <include refid="Base_Column_List" />
    from gateway_api
    where ID = #{id,jdbcType=BIGINT}
  </select>
  <delete id="deleteByPrimaryKey" parameterType="java.lang.Long">
    <!--
      WARNING - @mbg.generated
      This element is automatically generated by MyBatis Generator, do not modify.
    -->
    delete from gateway_api
    where ID = #{id,jdbcType=BIGINT}
  </delete>
  <insert id="insert" parameterType="com.kaistart.gateway.domain.GatewayApiDO"
  	useGeneratedKeys="true" keyProperty="id">
    <!--
      WARNING - @mbg.generated
      This element is automatically generated by MyBatis Generator, do not modify.
    -->
    insert into gateway_api (GROUP_ID, NAME, 
      DESCRIPTION,SPECIAL,STATUS, HTTP_METHOD, 
      IS_AUTH, IS_LOGIN, AUTH_VERSION, 
      SERVICE_NAME, SERVICE_METHOD, SERVICE_VERSION, 
      TIME_OUT, CREATE_BY, UPDATE_BY, 
      CDT, UDT, VERSION,RESPONSE_HEADER
      )
    values ( #{groupId,jdbcType=BIGINT}, #{name,jdbcType=VARCHAR}, 
      #{description,jdbcType=VARCHAR}, #{special,jdbcType=INTEGER},#{status,jdbcType=INTEGER}, #{httpMethod,jdbcType=INTEGER}, 
      #{isAuth,jdbcType=INTEGER}, #{isLogin,jdbcType=INTEGER}, #{authVersion,jdbcType=INTEGER}, 
      #{serviceName,jdbcType=VARCHAR}, #{serviceMethod,jdbcType=VARCHAR}, #{serviceVersion,jdbcType=VARCHAR}, 
      #{timeOut,jdbcType=INTEGER}, #{createBy,jdbcType=VARCHAR}, #{updateBy,jdbcType=VARCHAR}, 
      now(), now(), #{version,jdbcType=INTEGER},#{responseHeader,jdbcType=VARCHAR}
      )
  </insert>
  <insert id="insertSelective" parameterType="com.kaistart.gateway.domain.GatewayApiDO">
    <!--
      WARNING - @mbg.generated
      This element is automatically generated by MyBatis Generator, do not modify.
    -->
    
    insert into gateway_api
    <trim prefix="(" suffix=")" suffixOverrides=",">
      <if test="groupId != null">
        GROUP_ID,
      </if>
      <if test="name != null">
        NAME,
      </if>
      <if test="description != null">
        DESCRIPTION,
      </if>
      <if test="special != null">
        SPECIAL,
      </if>
      <if test="status != null">
        STATUS,
      </if>
      <if test="httpMethod != null">
        HTTP_METHOD,
      </if>
      <if test="isAuth != null">
        IS_AUTH,
      </if>
      <if test="isLogin != null">
        IS_LOGIN,
      </if>
      <if test="authVersion != null">
        AUTH_VERSION,
      </if>
      <if test="serviceName != null">
        SERVICE_NAME,
      </if>
      <if test="serviceMethod != null">
        SERVICE_METHOD,
      </if>
      <if test="serviceVersion != null">
        SERVICE_VERSION,
      </if>
      <if test="timeOut != null">
        TIME_OUT,
      </if>
      <if test="createBy != null">
        CREATE_BY,
      </if>
      <if test="updateBy != null">
        UPDATE_BY,
      </if>
      <if test="cdt != null">
        CDT,
      </if>
      <if test="udt != null">
        UDT,
      </if>
      <if test="version != null">
        VERSION,
      </if>
      <if test="responseHeader != null">
        RESPONSE_HEADER,
      </if>
    </trim>
    <trim prefix="values (" suffix=")" suffixOverrides=",">
      <if test="groupId != null">
        #{groupId,jdbcType=BIGINT},
      </if>
      <if test="name != null">
        #{name,jdbcType=VARCHAR},
      </if>
      <if test="description != null">
        #{description,jdbcType=VARCHAR},
      </if>
      <if test="special != null">
      	#{special,jdbcType=INTEGER},
      </if>
      <if test="status != null">
        #{status,jdbcType=INTEGER},
      </if>
      <if test="httpMethod != null">
        #{httpMethod,jdbcType=INTEGER},
      </if>
      <if test="isAuth != null">
        #{isAuth,jdbcType=INTEGER},
      </if>
      <if test="isLogin != null">
        #{isLogin,jdbcType=INTEGER},
      </if>
      <if test="authVersion != null">
        #{authVersion,jdbcType=INTEGER},
      </if>
      <if test="serviceName != null">
        #{serviceName,jdbcType=VARCHAR},
      </if>
      <if test="serviceMethod != null">
        #{serviceMethod,jdbcType=VARCHAR},
      </if>
      <if test="serviceVersion != null">
        #{serviceVersion,jdbcType=VARCHAR},
      </if>
      <if test="timeOut != null">
        #{timeOut,jdbcType=INTEGER},
      </if>
      <if test="createBy != null">
        #{createBy,jdbcType=VARCHAR},
      </if>
      <if test="updateBy != null">
        #{updateBy,jdbcType=VARCHAR},
      </if>
      <if test="cdt != null">
        now(),
      </if>
      <if test="udt != null">
        now(),
      </if>
      <if test="version != null">
        #{version,jdbcType=INTEGER},
      </if>
      <if test="responseHeader != null">
        #{response_header,jdbcType=INTEGER},
      </if>
    </trim>
  </insert>
  <update id="updateByPrimaryKeySelective" parameterType="com.kaistart.gateway.domain.GatewayApiDO">
    <!--
      WARNING - @mbg.generated
      This element is automatically generated by MyBatis Generator, do not modify.
    -->
    update gateway_api
    <set>
      <if test="groupId != null">
        GROUP_ID = #{groupId,jdbcType=BIGINT},
      </if>
      <if test="name != null">
        NAME = #{name,jdbcType=VARCHAR},
      </if>
      <if test="description != null">
        DESCRIPTION = #{description,jdbcType=VARCHAR},
      </if>
      <if test="special != null">
      	SPECIAL = #{special,jdbcType=INTEGER},
      </if>
      <if test="status != null">
        STATUS = #{status,jdbcType=INTEGER},
      </if>
      <if test="httpMethod != null">
        HTTP_METHOD = #{httpMethod,jdbcType=INTEGER},
      </if>
      <if test="isAuth != null">
        IS_AUTH = #{isAuth,jdbcType=INTEGER},
      </if>
      <if test="isLogin != null">
        IS_LOGIN = #{isLogin,jdbcType=INTEGER},
      </if>
      <if test="authVersion != null">
        AUTH_VERSION = #{authVersion,jdbcType=INTEGER},
      </if>
      <if test="serviceName != null">
        SERVICE_NAME = #{serviceName,jdbcType=VARCHAR},
      </if>
      <if test="serviceMethod != null">
        SERVICE_METHOD = #{serviceMethod,jdbcType=VARCHAR},
      </if>
      <if test="serviceVersion != null">
        SERVICE_VERSION = #{serviceVersion,jdbcType=VARCHAR},
      </if>
      <if test="timeOut != null">
        TIME_OUT = #{timeOut,jdbcType=INTEGER},
      </if>
      <if test="createBy != null">
        CREATE_BY = #{createBy,jdbcType=VARCHAR},
      </if>
      <if test="updateBy != null">
        UPDATE_BY = #{updateBy,jdbcType=VARCHAR},
      </if>
        UDT = now(),
      <if test="version != null">
        VERSION = #{version,jdbcType=INTEGER},
      </if>
      <if test="responseHeader != null">
        RESPONSE_HEADER = #{responseHeader,jdbcType=INTEGER},
      </if>
    </set>
    where ID = #{id,jdbcType=BIGINT}
  </update>
  <update id="updateByPrimaryKey" parameterType="com.kaistart.gateway.domain.GatewayApiDO">
    <!--
      WARNING - @mbg.generated
      This element is automatically generated by MyBatis Generator, do not modify.
    -->
    update gateway_api
    set GROUP_ID = #{groupId,jdbcType=BIGINT},
      NAME = #{name,jdbcType=VARCHAR},
      DESCRIPTION = #{description,jdbcType=VARCHAR},
      SPECIAL = #{special,jdbcType=INTEGER},
      STATUS = #{status,jdbcType=INTEGER},
      HTTP_METHOD = #{httpMethod,jdbcType=INTEGER},
      IS_AUTH = #{isAuth,jdbcType=INTEGER},
      IS_LOGIN = #{isLogin,jdbcType=INTEGER},
      AUTH_VERSION = #{authVersion,jdbcType=INTEGER},
      SERVICE_NAME = #{serviceName,jdbcType=VARCHAR},
      SERVICE_METHOD = #{serviceMethod,jdbcType=VARCHAR},
      SERVICE_VERSION = #{serviceVersion,jdbcType=VARCHAR},
      TIME_OUT = #{timeOut,jdbcType=INTEGER},
      CREATE_BY = #{createBy,jdbcType=VARCHAR},
      UPDATE_BY = #{updateBy,jdbcType=VARCHAR},
      UDT = now(),
      VERSION = #{version,jdbcType=INTEGER},
      RESPONSE_HEADER = #{responseHeader,jdbcType=INTEGER} 
    where ID = #{id,jdbcType=BIGINT}
  </update>
  
  
  <sql id="where">
	<where>
	<if test="id != null and id != ''">and a.`ID` = #{id}</if>
        <if test="groupId != null and groupId != ''">and a.GROUP_ID = #{groupId}</if>
        <if test="name != null and name != ''">and a.`NAME` = #{name}</if>
        <if test="description != null and description != ''">and a.`DESCRIPTION` = #{description}</if>
        <if test="special != null and special != ''">and a.`SPECIAL` = #{special}</if>
        <if test="status != null and status != ''">and a.`STATUS` = #{status}</if>
        <if test="httpMethod != null and httpMethod != ''">and a.HTTP_METHOD = #{httpMethod}</if>
        <if test="isAuth != null and isAuth != ''">and a.IS_AUTH = #{isAuth}</if>
        <if test="isLogin != null and isLogin != ''">and a.IS_LOGIN = #{isLogin}</if>
        <if test="authVersion != null and authVersion != ''">and a.AUTH_VERSION = #{authVersion}</if>
        <if test="serviceName != null and serviceName != ''">and a.SERVICE_NAME = #{serviceName}</if>
        <if test="serviceMethod != null and serviceMethod != ''">and a.SERVICE_METHOD = #{serviceMethod}</if>
        <if test="serviceVersion != null and serviceVersion != ''">and a.SERVICE_VERSION = #{serviceVersion}</if>
        <if test="timeOut != null and timeOut != ''">and a.TIME_OUT = #{timeOut}</if>
        <if test="createBy != null and createBy != ''">and a.CREATE_BY = #{createBy}</if>
        <if test="updateBy != null and updateBy != ''">and a.UPDATE_BY = #{updateBy}</if>
        <if test="cdt != null and cdt != ''">and a.`CDT` = #{cdt}</if>
        <if test="udt != null and udt != ''">and a.`UDT` = #{udt}</if>
        <if test="version != null and version != ''">and a.`VERSION` = #{version}</if>
        <if test="responseHeader != null and responseHeader != ''">and a.`RESPONSE_HEADER` = #{responseHeader}</if>
	</where>
  </sql>
  
  <!--查询总数-->
  <select id="selectCount" parameterType="Map" resultType="Integer">
     SELECT count(*) FROM gateway_api a inner join gateway_api_group b on a.GROUP_ID = b.id 
     <include refid="where"/>
  </select>
  
  <!-- 分页查询 -->
  <select id="selectPage" resultMap="BaseResultMap" parameterType="Map">
    SELECT
    a.`ID`,a.GROUP_ID,a.`NAME`,a.`DESCRIPTION`,a.special,a.`STATUS`,a.HTTP_METHOD,a.IS_AUTH,a.IS_LOGIN,a.AUTH_VERSION,a.SERVICE_NAME,
    a.SERVICE_METHOD,a.SERVICE_VERSION,a.TIME_OUT,a.CREATE_BY,a.UPDATE_BY,a.`CDT`,a.`UDT`,a.`VERSION`,b.name as group_name 
      FROM gateway_api a inner join gateway_api_group b on a.GROUP_ID = b.id  
    <include refid="where"/>
    ORDER BY a.`CDT` DESC 
    <if test="size != null or skip != null"> LIMIT #{skip}, #{size} </if>
  </select>
  
  
  <select id="selectList" resultMap="BaseResultMap" parameterType="Map">
    SELECT
    a.`ID`,a.GROUP_ID,a.`NAME`,a.`DESCRIPTION`,a.special,a.`STATUS`,a.HTTP_METHOD,a.IS_AUTH,a.IS_LOGIN,a.AUTH_VERSION,a.SERVICE_NAME,
    a.SERVICE_METHOD,a.SERVICE_VERSION,a.TIME_OUT,a.CREATE_BY,a.UPDATE_BY,a.`CDT`,a.`UDT`,a.`VERSION`,b.name as group_name 
      FROM gateway_api a inner join gateway_api_group b on a.GROUP_ID = b.id  
    <include refid="where"/>
    ORDER BY a.`CDT` DESC 
    <if test="size != null or skip != null"> LIMIT #{skip}, #{size} </if>
  </select>
  
  <!-- 分页查询 -->
  <select id="selectApiPage" resultMap="BaseResultMap" parameterType="Map">
    SELECT
     `ID`,GROUP_ID,`NAME`,SPECIAL,`STATUS`,HTTP_METHOD,IS_AUTH,IS_LOGIN,AUTH_VERSION,SERVICE_NAME,SERVICE_METHOD,SERVICE_VERSION,TIME_OUT,`VERSION`
    FROM gateway_api a 
    <include refid="where"/>
    ORDER BY id DESC 
    <if test="size != null or skip != null"> LIMIT #{skip}, #{size} </if>
  </select>
  
  
  
  
  
  
  
  
  <!-- 支持模糊搜索的分页处理 -->
  <sql id="apiwhere">
	<where>
		<if test="id != null and id != ''">and a.`ID` = #{id}</if>
        <if test="name != null and name != ''">and a.`NAME` like CONCAT('%',#{name,jdbcType=VARCHAR},'%')</if>
        <if test="serviceName != null and serviceName != ''">and a.SERVICE_NAME like CONCAT('%',#{serviceName,jdbcType=VARCHAR},'%')</if>
        <if test="serviceMethod != null and serviceMethod != ''">and a.SERVICE_METHOD like CONCAT('%',#{serviceMethod,jdbcType=VARCHAR},'%')</if>
        <if test="groupId != null and groupId != ''">and a.GROUP_ID = #{groupId}</if>
	</where>
  </sql>
  <sql id="markwhere">
	<where> a.id = b.mark_id 
		<if test="rootId != null">and ROOT_ID = #{rootId}</if>
    	<if test="branchId != null">and BRANCH_ID = #{branchId}</if>
    	<if test="leafId != null">and LEAF_ID = #{leafId}</if>
    	<if test="markName != null and markName != ''">and a.`NAME` like CONCAT('%',#{name,jdbcType=VARCHAR},'%')</if>
	</where>
  </sql>
  <!--查询总数-->
  <select id="selectSearchCount" parameterType="Map" resultType="Integer">
     SELECT count(*) FROM 
    (SELECT a.`ID` FROM gateway_api a inner join gateway_api_group b on a.GROUP_ID = b.id  
    <include refid="apiwhere"/> ) a 
    
    <if test="rootId != null or branchId != null or leafId != null or (markName != null and markName != '')">
    	inner join (
    		select distinct b.api_id from gateway_mark a,gateway_api_mark b 
			<include refid="markwhere"/>
    	) b on a.id = b.api_id 
    </if>
  </select>
  
  <!-- 分页查询 -->
  <select id="selectSearchPage" resultMap="BaseResultMap" parameterType="Map">
    SELECT * FROM 
    (SELECT
    a.`ID`,a.GROUP_ID,a.`NAME`,a.`DESCRIPTION`,a.special,a.`STATUS`,a.HTTP_METHOD,a.IS_AUTH,a.IS_LOGIN,a.AUTH_VERSION,a.SERVICE_NAME,
    a.SERVICE_METHOD,a.SERVICE_VERSION,a.TIME_OUT,a.CREATE_BY,a.UPDATE_BY,a.`CDT`,a.`UDT`,a.`VERSION`,b.name as group_name 
      FROM gateway_api a inner join gateway_api_group b on a.GROUP_ID = b.id  
    <include refid="apiwhere"/> ) a 
    
    <if test="rootId != null or branchId != null or leafId != null or (markName != null and markName != '')">
    	inner join (
    		select distinct b.api_id from gateway_mark a,gateway_api_mark b 
			<include refid="markwhere"/>
    	) b on a.id = b.api_id 
    </if>
    
    ORDER BY a.`NAME` asc, a.`CDT` DESC 
    <if test="size != null or skip != null"> LIMIT #{skip}, #{size} </if>
  </select>
</mapper>