<?xml version="1.0" encoding="UTF-8"?>
<!DOCTYPE mapper PUBLIC "-//mybatis.org//DTD Mapper 3.0//EN" "http://mybatis.org/dtd/mybatis-3-mapper.dtd">
<mapper namespace="com.kaistart.gateway.mgr.mapper.GatewayApiResultMapper">
  <resultMap id="BaseResultMap" type="com.kaistart.gateway.domain.GatewayApiResultDO">
    <!--
      WARNING - @mbg.generated
      This element is automatically generated by MyBatis Generator, do not modify.
    -->
    <id column="ID" jdbcType="BIGINT" property="id" />
    <result column="API_ID" jdbcType="BIGINT" property="apiId" />
    <result column="CDT" jdbcType="TIMESTAMP" property="cdt" />
    <result column="UDT" jdbcType="TIMESTAMP" property="udt" />
    <result column="`VERSION`" jdbcType="INTEGER" property="version" />
  </resultMap>
  <resultMap extends="BaseResultMap" id="ResultMapWithBLOBs" type="com.kaistart.gateway.domain.GatewayApiResultDO">
    <!--
      WARNING - @mbg.generated
      This element is automatically generated by MyBatis Generator, do not modify.
    -->
    <result column="EXAMPLE" jdbcType="LONGVARCHAR" property="example" />
    <result column="RESULT_DESC" jdbcType="LONGVARCHAR" property="resultDesc" />
    <result column="CODE_DESC" jdbcType="LONGVARCHAR" property="codeDesc" />
  </resultMap>
  <sql id="Base_Column_List">
    <!--
      WARNING - @mbg.generated
      This element is automatically generated by MyBatis Generator, do not modify.
    -->
    ID, API_ID, CDT, UDT, `VERSION`
  </sql>
  <sql id="Blob_Column_List">
    <!--
      WARNING - @mbg.generated
      This element is automatically generated by MyBatis Generator, do not modify.
    -->
    EXAMPLE, RESULT_DESC, CODE_DESC
  </sql>
  <select id="selectByPrimaryKey" parameterType="java.lang.Long" resultMap="ResultMapWithBLOBs">
    <!--
      WARNING - @mbg.generated
      This element is automatically generated by MyBatis Generator, do not modify.
    -->
    select 
    <include refid="Base_Column_List" />
    ,
    <include refid="Blob_Column_List" />
    from gateway_api_result
    where ID = #{id,jdbcType=BIGINT}
  </select>
  <delete id="deleteByPrimaryKey" parameterType="java.lang.Long">
    <!--
      WARNING - @mbg.generated
      This element is automatically generated by MyBatis Generator, do not modify.
    -->
    delete from gateway_api_result
    where ID = #{id,jdbcType=BIGINT}
  </delete>
  <insert id="insert" parameterType="com.kaistart.gateway.domain.GatewayApiResultDO">
    <!--
      WARNING - @mbg.generated
      This element is automatically generated by MyBatis Generator, do not modify.
    -->
    
    insert into gateway_api_result ( API_ID, CDT, 
      UDT, VERSION, EXAMPLE, 
      RESULT_DESC, CODE_DESC)
    values ( #{apiId,jdbcType=BIGINT}, now(), 
      now(), 0, #{example,jdbcType=LONGVARCHAR}, 
      #{resultDesc,jdbcType=LONGVARCHAR}, #{codeDesc,jdbcType=LONGVARCHAR})
  </insert>
  <insert id="insertSelective" parameterType="com.kaistart.gateway.domain.GatewayApiResultDO">
    <!--
      WARNING - @mbg.generated
      This element is automatically generated by MyBatis Generator, do not modify.
    -->
    
    insert into gateway_api_result
    <trim prefix="(" suffix=")" suffixOverrides=",">
      <if test="apiId != null">
        API_ID,
      </if>
      <if test="cdt != null">
        CDT,
      </if>
      <if test="udt != null">
        UDT,
      </if>
      <if test="version != null">
        VERSION,
      </if>
      <if test="example != null">
        EXAMPLE,
      </if>
      <if test="resultDesc != null">
        RESULT_DESC,
      </if>
      <if test="codeDesc != null">
        CODE_DESC,
      </if>
    </trim>
    <trim prefix="values (" suffix=")" suffixOverrides=",">
      <if test="apiId != null">
        #{apiId,jdbcType=BIGINT},
      </if>
      <if test="cdt != null">
        now(),
      </if>
      <if test="udt != null">
        now(),
      </if>
      <if test="version != null">
        #{version,jdbcType=INTEGER},
      </if>
      <if test="example != null">
        #{example,jdbcType=LONGVARCHAR},
      </if>
      <if test="resultDesc != null">
        #{resultDesc,jdbcType=LONGVARCHAR},
      </if>
      <if test="codeDesc != null">
        #{codeDesc,jdbcType=LONGVARCHAR},
      </if>
    </trim>
  </insert>
  <update id="updateByPrimaryKeySelective" parameterType="com.kaistart.gateway.domain.GatewayApiResultDO">
    <!--
      WARNING - @mbg.generated
      This element is automatically generated by MyBatis Generator, do not modify.
    -->
    update gateway_api_result
    <set>
      <if test="apiId != null">
        API_ID = #{apiId,jdbcType=BIGINT},
      </if>
      <if test="version != null">
        VERSION = #{version,jdbcType=INTEGER},
      </if>
      <if test="example != null">
        EXAMPLE = #{example,jdbcType=LONGVARCHAR},
      </if>
      <if test="resultDesc != null">
        RESULT_DESC = #{resultDesc,jdbcType=LONGVARCHAR},
      </if>
      <if test="codeDesc != null">
        CODE_DESC = #{codeDesc,jdbcType=LONGVARCHAR},
      </if>
      UDT = now(),
    </set>
    where ID = #{id,jdbcType=BIGINT}
  </update>
  <update id="updateByPrimaryKeyWithBLOBs" parameterType="com.kaistart.gateway.domain.GatewayApiResultDO">
    <!--
      WARNING - @mbg.generated
      This element is automatically generated by MyBatis Generator, do not modify.
    -->
    update gateway_api_result
    set API_ID = #{apiId,jdbcType=BIGINT},
      CDT = #{cdt,jdbcType=TIMESTAMP},
      UDT = now(),
      VERSION = #{version,jdbcType=INTEGER},
      EXAMPLE = #{example,jdbcType=LONGVARCHAR},
      RESULT_DESC = #{resultDesc,jdbcType=LONGVARCHAR},
      CODE_DESC = #{codeDesc,jdbcType=LONGVARCHAR}
    where ID = #{id,jdbcType=BIGINT}
  </update>
  <update id="updateByPrimaryKey" parameterType="com.kaistart.gateway.domain.GatewayApiResultDO">
    <!--
      WARNING - @mbg.generated
      This element is automatically generated by MyBatis Generator, do not modify.
    -->
    update gateway_api_result
    set API_ID = #{apiId,jdbcType=BIGINT},
      CDT = #{cdt,jdbcType=TIMESTAMP},
      UDT = now(),
      VERSION = #{version,jdbcType=INTEGER}
    where ID = #{id,jdbcType=BIGINT}
  </update>
  
  
  
  <sql id="where">
	<where>
	<if test="id != null and id != ''">and `ID` = #{id}</if>
        <if test="apiId != null and apiId != ''">and API_ID = #{apiId}</if>
        <if test="example != null and example != ''">and `EXAMPLE` = #{example}</if>
        <if test="resultDesc != null and resultDesc != ''">and RESULT_DESC = #{resultDesc}</if>
        <if test="codeDesc != null and codeDesc != ''">and CODE_DESC = #{codeDesc}</if>
        <if test="cdt != null and cdt != ''">and `CDT` = #{cdt}</if>
        <if test="udt != null and udt != ''">and `UDT` = #{udt}</if>
        <if test="version != null and version != ''">and `VERSION` = #{version}</if>
        
	</where>
  </sql>
	<!-- 删除(根据APIiD删除所有) -->
  <update id="deleteByApi" parameterType="com.kaistart.gateway.domain.GatewayApiResultDO" >
    delete from gateway_api_result where api_id = #{id}
  </update>
  
  <!-- 查询所有 -->
  <select id="selectList" resultMap="ResultMapWithBLOBs" parameterType="Map">
    SELECT
    ID, API_ID, CDT, UDT, `VERSION`,`EXAMPLE`, RESULT_DESC, CODE_DESC
    FROM gateway_api_result
    <include refid="where"/>
    order by id desc <if test="size != null or skip != null"> LIMIT #{skip}, #{size} </if>
  </select>
  
  <!-- 查询所有 -->
  <select id="selectPage" resultMap="ResultMapWithBLOBs" parameterType="Map">
    SELECT
    <include refid="Base_Column_List" /><include refid="Blob_Column_List" />
    FROM gateway_api_result
    <include refid="where"/>
    order by id desc <if test="size != null or skip != null"> LIMIT #{skip}, #{size} </if>
  </select>
  
  <!--查询总数-->
  <select id="selectCount" parameterType="Map" resultType="Integer">
     SELECT count(*) FROM gateway_api_result  
     <include refid="where"/>
  </select>
</mapper>