<?xml version="1.0" encoding="UTF-8"?>
<!DOCTYPE mapper PUBLIC "-//mybatis.org//DTD Mapper 3.0//EN" "http://mybatis.org/dtd/mybatis-3-mapper.dtd">
<mapper namespace="com.kaistart.gateway.mgr.mapper.GatewayServiceRequestMapper">
  <resultMap id="BaseResultMap" type="com.kaistart.gateway.domain.GatewayServiceRequestDO">
    <!--
      WARNING - @mbg.generated
      This element is automatically generated by MyBatis Generator, do not modify.
    -->
    <id column="ID" jdbcType="BIGINT" property="id" />
    <result column="API_ID" jdbcType="BIGINT" property="apiId" />
    <result column="INDEX" jdbcType="INTEGER" property="index" />
    <result column="NAME" jdbcType="VARCHAR" property="name" />
    <result column="TYPE" jdbcType="INTEGER" property="type" />
    <result column="TYPE_NAME" jdbcType="VARCHAR" property="typeName" />
    <result column="IS_REQUIRED" jdbcType="BIT" property="isRequired" />
    <result column="CDT" jdbcType="TIMESTAMP" property="cdt" />
    <result column="UDT" jdbcType="TIMESTAMP" property="udt" />
    <result column="VERSION" jdbcType="INTEGER" property="version" />
  </resultMap>
  <resultMap extends="BaseResultMap" id="ResultMapWithBLOBs" type="com.kaistart.gateway.domain.GatewayServiceRequestDO">
    <!--
      WARNING - @mbg.generated
      This element is automatically generated by MyBatis Generator, do not modify.
    -->
    <result column="EXAMPLE" jdbcType="LONGVARCHAR" property="example" />
    <result column="DESCRIPTION" jdbcType="LONGVARCHAR" property="description" />
  </resultMap>
  <sql id="Base_Column_List">
    <!--
      WARNING - @mbg.generated
      This element is automatically generated by MyBatis Generator, do not modify.
    -->
    ID, API_ID, `INDEX`, `NAME`, TYPE, TYPE_NAME, IS_REQUIRED, CDT, UDT, VERSION
  </sql>
  <sql id="Blob_Column_List">
    <!--
      WARNING - @mbg.generated
      This element is automatically generated by MyBatis Generator, do not modify.
    -->
    EXAMPLE, DESCRIPTION
  </sql>
  <select id="selectByPrimaryKey" parameterType="java.lang.Long" resultMap="ResultMapWithBLOBs">
    <!--
      WARNING - @mbg.generated
      This element is automatically generated by MyBatis Generator, do not modify.
    -->
    select 
    <include refid="Base_Column_List" />
    ,
    <include refid="Blob_Column_List" />
    from gateway_service_request
    where ID = #{id,jdbcType=BIGINT}
  </select>
  <delete id="deleteByPrimaryKey" parameterType="java.lang.Long">
    <!--
      WARNING - @mbg.generated
      This element is automatically generated by MyBatis Generator, do not modify.
    -->
    delete from gateway_service_request
    where ID = #{id,jdbcType=BIGINT}
  </delete>
  <insert id="insert" parameterType="com.kaistart.gateway.domain.GatewayServiceRequestDO">
    <!--
      WARNING - @mbg.generated
      This element is automatically generated by MyBatis Generator, do not modify.
    -->
    insert into gateway_service_request ( API_ID, `INDEX`, 
      `NAME`, TYPE, TYPE_NAME, 
      IS_REQUIRED, CDT, UDT, 
      VERSION, EXAMPLE, DESCRIPTION
      )
    values ( #{apiId,jdbcType=BIGINT}, #{index,jdbcType=INTEGER}, 
      #{name,jdbcType=VARCHAR}, #{type,jdbcType=INTEGER}, #{typeName,jdbcType=VARCHAR}, 
      #{isRequired,jdbcType=BIT}, now(), now(), 
      #{version,jdbcType=INTEGER}, #{example,jdbcType=LONGVARCHAR}, #{description,jdbcType=LONGVARCHAR}
      )
  </insert>
  <insert id="insertSelective" parameterType="com.kaistart.gateway.domain.GatewayServiceRequestDO">
    <!--
      WARNING - @mbg.generated
      This element is automatically generated by MyBatis Generator, do not modify.
    -->
    insert into gateway_service_request
    <trim prefix="(" suffix=")" suffixOverrides=",">
      <if test="apiId != null">
        API_ID,
      </if>
      <if test="index != null">
       `INDEX`,
      </if>
      <if test="name != null">
        `NAME`,
      </if>
      <if test="type != null">
        TYPE,
      </if>
      <if test="typeName != null">
        TYPE_NAME,
      </if>
      <if test="isRequired != null">
        IS_REQUIRED,
      </if>
      <if test="cdt != null">
        CDT,
      </if>
      <if test="udt != null">
        UDT,
      </if>
      <if test="version != null">
        VERSION,
      </if>
      <if test="example != null">
        EXAMPLE,
      </if>
      <if test="description != null">
        DESCRIPTION,
      </if>
    </trim>
    <trim prefix="values (" suffix=")" suffixOverrides=",">
      <if test="apiId != null">
        #{apiId,jdbcType=BIGINT},
      </if>
      <if test="index != null">
        #{index,jdbcType=INTEGER},
      </if>
      <if test="name != null">
        #{name,jdbcType=VARCHAR},
      </if>
      <if test="type != null">
        #{type,jdbcType=INTEGER},
      </if>
      <if test="typeName != null">
        #{typeName,jdbcType=VARCHAR},
      </if>
      <if test="isRequired != null">
        #{isRequired,jdbcType=BIT},
      </if>
      <if test="cdt != null">
        now(),
      </if>
      <if test="udt != null">
        now(),
      </if>
      <if test="version != null">
        #{version,jdbcType=INTEGER},
      </if>
      <if test="example != null">
        #{example,jdbcType=LONGVARCHAR},
      </if>
      <if test="description != null">
        #{description,jdbcType=LONGVARCHAR},
      </if>
    </trim>
  </insert>
  <update id="updateByPrimaryKeySelective" parameterType="com.kaistart.gateway.domain.GatewayServiceRequestDO">
    <!--
      WARNING - @mbg.generated
      This element is automatically generated by MyBatis Generator, do not modify.
    -->
    update gateway_service_request
    <set>
      <if test="apiId != null">
        API_ID = #{apiId,jdbcType=BIGINT},
      </if>
      <if test="index != null">
        `INDEX` = #{index,jdbcType=INTEGER},
      </if>
      <if test="name != null">
        `NAME` = #{name,jdbcType=VARCHAR},
      </if>
      <if test="type != null">
        TYPE = #{type,jdbcType=INTEGER},
      </if>
      <if test="typeName != null">
        TYPE_NAME = #{typeName,jdbcType=VARCHAR},
      </if>
      <if test="isRequired != null">
        IS_REQUIRED = #{isRequired,jdbcType=BIT},
      </if>
      <if test="version != null">
        VERSION = #{version,jdbcType=INTEGER},
      </if>
      <if test="example != null">
        EXAMPLE = #{example,jdbcType=LONGVARCHAR},
      </if>
      <if test="description != null">
        DESCRIPTION = #{description,jdbcType=LONGVARCHAR},
      </if>
      UDT = now(),
    </set>
    where ID = #{id,jdbcType=BIGINT}
  </update>
  <update id="updateByPrimaryKeyWithBLOBs" parameterType="com.kaistart.gateway.domain.GatewayServiceRequestDO">
    <!--
      WARNING - @mbg.generated
      This element is automatically generated by MyBatis Generator, do not modify.
    -->
    update gateway_service_request
    set API_ID = #{apiId,jdbcType=BIGINT},
      `INDEX` = #{index,jdbcType=INTEGER},
      `NAME` = #{name,jdbcType=VARCHAR},
      TYPE = #{type,jdbcType=INTEGER},
      TYPE_NAME = #{typeName,jdbcType=VARCHAR},
      IS_REQUIRED = #{isRequired,jdbcType=BIT},
      CDT = #{cdt,jdbcType=TIMESTAMP},
      UDT = now(),
      VERSION = #{version,jdbcType=INTEGER},
      EXAMPLE = #{example,jdbcType=LONGVARCHAR},
      DESCRIPTION = #{description,jdbcType=LONGVARCHAR}
    where ID = #{id,jdbcType=BIGINT}
  </update>
  <update id="updateByPrimaryKey" parameterType="com.kaistart.gateway.domain.GatewayServiceRequestDO">
    <!--
      WARNING - @mbg.generated
      This element is automatically generated by MyBatis Generator, do not modify.
    -->
    update gateway_service_request
    set API_ID = #{apiId,jdbcType=BIGINT},
      `INDEX` = #{index,jdbcType=INTEGER},
      `NAME` = #{name,jdbcType=VARCHAR},
      TYPE = #{type,jdbcType=INTEGER},
      TYPE_NAME = #{typeName,jdbcType=VARCHAR},
      IS_REQUIRED = #{isRequired,jdbcType=BIT},
      CDT = #{cdt,jdbcType=TIMESTAMP},
      UDT = now(),
      VERSION = #{version,jdbcType=INTEGER}
    where ID = #{id,jdbcType=BIGINT}
  </update>
  
  
  <sql id="where">
	<where>
	<if test="id != null and id != ''">and `ID` = #{id}</if>
        <if test="apiId != null and apiId != ''">and API_ID = #{apiId}</if>
        <if test="index != null and index != ''">and `INDEX` = #{index}</if>
        <if test="name != null and name != ''">and `NAME` = #{name}</if>
        <if test="type != null and type != ''">and `TYPE` = #{type}</if>
        <if test="typeName != null and typeName != ''">and TYPE_NAME = #{typeName}</if>
        <if test="isRequired != null and isRequired != ''">and IS_REQUIRED = #{isRequired}</if>
        <if test="example != null and example != ''">and `EXAMPLE` = #{example}</if>
        <if test="description != null and description != ''">and `DESCRIPTION` = #{description}</if>
        <if test="cdt != null and cdt != ''">and `CDT` = #{cdt}</if>
        <if test="udt != null and udt != ''">and `UDT` = #{udt}</if>
        <if test="version != null and version != ''">and `VERSION` = #{version}</if>
        
	</where>
  </sql>
  
  
  <!-- 删除(根据APIiD删除所有) -->
  <update id="deleteByApi" parameterType="com.kaistart.gateway.domain.GatewayServiceRequestDO" >
    delete from gateway_service_request where api_id = #{id}
  </update>
  <!-- 查询所有 -->
  <select id="selectList" resultMap="ResultMapWithBLOBs" parameterType="Map">
    SELECT  
    <include refid="Base_Column_List" />
    ,
    <include refid="Blob_Column_List" />
    FROM gateway_service_request
    <include refid="where"/>
    order by `index` asc <if test="size != null or skip != null"> LIMIT #{skip}, #{size} </if>
  </select>
  
  <select id="selectPage" resultMap="ResultMapWithBLOBs" parameterType="Map">
    SELECT  
    <include refid="Base_Column_List" />
    ,
    <include refid="Blob_Column_List" />
    FROM gateway_service_request
    <include refid="where"/>
    order by `index` asc <if test="size != null or skip != null"> LIMIT #{skip}, #{size} </if>
  </select>
  
  <!--查询总数-->
  <select id="selectCount" parameterType="Map" resultType="Integer">
     SELECT count(*) FROM gateway_service_request  
     <include refid="where"/>
  </select>
  
  <!-- 查询所有 -->
  <select id="selectParamsList" resultMap="BaseResultMap" parameterType="Map">
    SELECT
    <include refid="Base_Column_List" />
    FROM gateway_service_request
    <include refid="where"/>
    order by `index` 
  </select>
</mapper>