<?xml version="1.0" encoding="UTF-8"?>
<!DOCTYPE mapper PUBLIC "-//mybatis.org//DTD Mapper 3.0//EN" "http://mybatis.org/dtd/mybatis-3-mapper.dtd">
<mapper namespace="com.kaistart.gateway.mgr.mapper.GatewayPartnerMapper">
  <resultMap id="BaseResultMap" type="com.kaistart.gateway.domain.GatewayPartnerDO">
    <!--
      WARNING - @mbg.generated
      This element is automatically generated by MyBatis Generator, do not modify.
    -->
    <id column="ID" jdbcType="BIGINT" property="id" />
    <result column="NAME" jdbcType="VARCHAR" property="name" />
    <result column="PARTNER_KEY" jdbcType="VARCHAR" property="partnerKey" />
    <result column="DESCRIPTION" jdbcType="VARCHAR" property="description" />
    <result column="STATUS" jdbcType="INTEGER" property="status" />
    <result column="CREATE_BY" jdbcType="VARCHAR" property="createBy" />
    <result column="UPDATE_BY" jdbcType="VARCHAR" property="updateBy" />
    <result column="CDT" jdbcType="TIMESTAMP" property="cdt" />
    <result column="UDT" jdbcType="TIMESTAMP" property="udt" />
    <result column="VERSION" jdbcType="INTEGER" property="version" />
  </resultMap>
  <sql id="Base_Column_List">
    <!--
      WARNING - @mbg.generated
      This element is automatically generated by MyBatis Generator, do not modify.
    -->
    ID, NAME, PARTNER_KEY, DESCRIPTION, STATUS, CREATE_BY, UPDATE_BY, CDT, UDT, VERSION
  </sql>
  <select id="selectByPrimaryKey" parameterType="java.lang.Long" resultMap="BaseResultMap">
    <!--
      WARNING - @mbg.generated
      This element is automatically generated by MyBatis Generator, do not modify.
    -->
    select 
    <include refid="Base_Column_List" />
    from gateway_partner
    where ID = #{id,jdbcType=BIGINT}
  </select>
  <delete id="deleteByPrimaryKey" parameterType="java.lang.Long">
    <!--
      WARNING - @mbg.generated
      This element is automatically generated by MyBatis Generator, do not modify.
    -->
    delete from gateway_partner
    where ID = #{id,jdbcType=BIGINT}
  </delete>
  <insert id="insert" parameterType="com.kaistart.gateway.domain.GatewayPartnerDO">
    <!--
      WARNING - @mbg.generated
      This element is automatically generated by MyBatis Generator, do not modify.
    -->
    insert into gateway_partner ( NAME, PARTNER_KEY, 
      DESCRIPTION, STATUS, CREATE_BY, 
      UPDATE_BY, CDT, UDT, 
      VERSION)
    values ( #{name,jdbcType=VARCHAR}, #{partnerKey,jdbcType=VARCHAR}, 
      #{description,jdbcType=VARCHAR}, #{status,jdbcType=INTEGER}, #{createBy,jdbcType=VARCHAR}, 
      #{updateBy,jdbcType=VARCHAR}, now(), now(), 
      #{version,jdbcType=INTEGER})
  </insert>
  <insert id="insertSelective" parameterType="com.kaistart.gateway.domain.GatewayPartnerDO">
    <!--
      WARNING - @mbg.generated
      This element is automatically generated by MyBatis Generator, do not modify.
    -->
    insert into gateway_partner
    <trim prefix="(" suffix=")" suffixOverrides=",">
      <if test="name != null">
        NAME,
      </if>
      <if test="partnerKey != null">
        PARTNER_KEY,
      </if>
      <if test="description != null">
        DESCRIPTION,
      </if>
      <if test="status != null">
        STATUS,
      </if>
      <if test="createBy != null">
        CREATE_BY,
      </if>
      <if test="updateBy != null">
        UPDATE_BY,
      </if>
      <if test="cdt != null">
        CDT,
      </if>
      <if test="udt != null">
        UDT,
      </if>
      <if test="version != null">
        VERSION,
      </if>
    </trim>
    <trim prefix="values (" suffix=")" suffixOverrides=",">
      <if test="name != null">
        #{name,jdbcType=VARCHAR},
      </if>
      <if test="partnerKey != null">
        #{partnerKey,jdbcType=VARCHAR},
      </if>
      <if test="description != null">
        #{description,jdbcType=VARCHAR},
      </if>
      <if test="status != null">
        #{status,jdbcType=INTEGER},
      </if>
      <if test="createBy != null">
        #{createBy,jdbcType=VARCHAR},
      </if>
      <if test="updateBy != null">
        #{updateBy,jdbcType=VARCHAR},
      </if>
      <if test="cdt != null">
        now(),
      </if>
      <if test="udt != null">
        now(),
      </if>
      <if test="version != null">
        #{version,jdbcType=INTEGER},
      </if>
    </trim>
  </insert>
  <update id="updateByPrimaryKeySelective" parameterType="com.kaistart.gateway.domain.GatewayPartnerDO">
    <!--
      WARNING - @mbg.generated
      This element is automatically generated by MyBatis Generator, do not modify.
    -->
    update gateway_partner
    <set>
      <if test="name != null">
        NAME = #{name,jdbcType=VARCHAR},
      </if>
      <if test="partnerKey != null">
        PARTNER_KEY = #{partnerKey,jdbcType=VARCHAR},
      </if>
      <if test="description != null">
        DESCRIPTION = #{description,jdbcType=VARCHAR},
      </if>
      <if test="status != null">
        STATUS = #{status,jdbcType=INTEGER},
      </if>
      <if test="createBy != null">
        CREATE_BY = #{createBy,jdbcType=VARCHAR},
      </if>
      <if test="updateBy != null">
        UPDATE_BY = #{updateBy,jdbcType=VARCHAR},
      </if>
      <if test="version != null">
        VERSION = #{version,jdbcType=INTEGER},
      </if>
      UDT = now(),
    </set>
    where ID = #{id,jdbcType=BIGINT}
  </update>
  <update id="updateByPrimaryKey" parameterType="com.kaistart.gateway.domain.GatewayPartnerDO">
    <!--
      WARNING - @mbg.generated
      This element is automatically generated by MyBatis Generator, do not modify.
    -->
    update gateway_partner
    set NAME = #{name,jdbcType=VARCHAR},
      PARTNER_KEY = #{partnerKey,jdbcType=VARCHAR},
      DESCRIPTION = #{description,jdbcType=VARCHAR},
      STATUS = #{status,jdbcType=INTEGER},
      CREATE_BY = #{createBy,jdbcType=VARCHAR},
      UPDATE_BY = #{updateBy,jdbcType=VARCHAR},
      CDT = #{cdt,jdbcType=TIMESTAMP},
      UDT = now(),
      VERSION = #{version,jdbcType=INTEGER}
    where ID = #{id,jdbcType=BIGINT}
  </update>
  
  
  <sql id="where">
	<where>
	<if test="id != null and id != ''">and `ID` = #{id}</if>
        <if test="name != null and name != ''">and `NAME` = #{name}</if>
        <if test="partnerKey != null and partnerKey != ''">and PARTNER_KEY = #{partnerKey}</if>
        <if test="description != null and description != ''">and `DESCRIPTION` = #{description}</if>
        <if test="status != null and status != ''">and `STATUS` = #{status}</if>
        <if test="createBy != null and createBy != ''">and CREATE_BY = #{createBy}</if>
        <if test="updateBy != null and updateBy != ''">and UPDATE_BY = #{updateBy}</if>
        <if test="cdt != null and cdt != ''">and `CDT` = #{cdt}</if>
        <if test="udt != null and udt != ''">and `UDT` = #{udt}</if>
        <if test="version != null and version != ''">and `VERSION` = #{version}</if>
        
	</where>
  </sql>
  
  
  <!-- 查询所有 -->
  <select id="selectList" resultMap="BaseResultMap" parameterType="Map">
    SELECT
    <include refid="Base_Column_List" />
    FROM gateway_partner  
    <include refid="where"/>
    order by id desc <if test="size != null or skip != null"> LIMIT #{skip}, #{size} </if>
  </select>
  
  <select id="selectPage" resultMap="BaseResultMap" parameterType="Map">
    SELECT
    <include refid="Base_Column_List" />
    FROM gateway_partner  
    <include refid="where"/>
    order by id desc <if test="size != null or skip != null"> LIMIT #{skip}, #{size} </if>
  </select>
  
  <!--查询总数-->
  <select id="selectCount" parameterType="Map" resultType="Integer">
     SELECT count(*) FROM gateway_partner  
     <include refid="where"/>
  </select>
  
  <!-- 查询所有 -->
  <select id="selectPartnerPage" resultMap="BaseResultMap" parameterType="Map">
    SELECT `ID`,`NAME`,`PARTNER_KEY`,`STATUS`,`VERSION`
    FROM gateway_partner
    <include refid="where"/>
    order by id desc
    <if test="size != null or skip != null"> LIMIT #{skip}, #{size} </if>
  </select>
</mapper>