<?xml version="1.0" encoding="UTF-8"?>
<!DOCTYPE mapper PUBLIC "-//mybatis.org//DTD Mapper 3.0//EN" "http://mybatis.org/dtd/mybatis-3-mapper.dtd">
<mapper namespace="com.kaistart.gateway.mgr.mapper.GatewayAppMapper">
  <resultMap id="BaseResultMap" type="com.kaistart.gateway.domain.GatewayAppDO">
    <!--
      WARNING - @mbg.generated
      This element is automatically generated by MyBatis Generator, do not modify.
    -->
    <id column="ID" jdbcType="BIGINT" property="id" />
    <result column="NAME" jdbcType="VARCHAR" property="name" />
    <result column="DESCRIPTION" jdbcType="VARCHAR" property="description" />
    <result column="PARTNER_ID" jdbcType="BIGINT" property="partnerId" />
    <result column="PARTNER_KEY" property="partnerKey" />
    <result column="PARTNER_NAME" property="partnerName" />
    <result column="APP_KEY" jdbcType="VARCHAR" property="appKey" />
    <result column="APP_SECRET" jdbcType="VARCHAR" property="appSecret" />
    <result column="AUTH_TYPE" jdbcType="INTEGER" property="authType" />
    <result column="STATUS" jdbcType="INTEGER" property="status" />
    <result column="CREATE_BY" jdbcType="VARCHAR" property="createBy" />
    <result column="UPDATE_BY" jdbcType="VARCHAR" property="updateBy" />
    <result column="CDT" jdbcType="TIMESTAMP" property="cdt" />
    <result column="UDT" jdbcType="TIMESTAMP" property="udt" />
    <result column="VERSION" jdbcType="INTEGER" property="version" />
  </resultMap>
  <sql id="Base_Column_List">
    <!--
      WARNING - @mbg.generated
      This element is automatically generated by MyBatis Generator, do not modify.
    -->
    ID, NAME, DESCRIPTION, PARTNER_ID, APP_KEY, APP_SECRET, AUTH_TYPE, STATUS, CREATE_BY, 
    UPDATE_BY, CDT, UDT, VERSION
  </sql>
  <select id="selectByPrimaryKey" parameterType="java.lang.Long" resultMap="BaseResultMap">
    <!--
      WARNING - @mbg.generated
      This element is automatically generated by MyBatis Generator, do not modify.
    -->
    select 
    <include refid="Base_Column_List" />
    from gateway_app
    where ID = #{id,jdbcType=BIGINT}
  </select>
  <delete id="deleteByPrimaryKey" parameterType="java.lang.Long">
    <!--
      WARNING - @mbg.generated
      This element is automatically generated by MyBatis Generator, do not modify.
    -->
    delete from gateway_app
    where ID = #{id,jdbcType=BIGINT}
  </delete>
  <insert id="insert" parameterType="com.kaistart.gateway.domain.GatewayAppDO"
  	useGeneratedKeys="true" keyProperty="id">
    <!--
      WARNING - @mbg.generated
      This element is automatically generated by MyBatis Generator, do not modify.
    -->
    insert into gateway_app (NAME, DESCRIPTION, 
      PARTNER_ID, APP_KEY, APP_SECRET, 
      AUTH_TYPE, STATUS, CREATE_BY, 
      UPDATE_BY, CDT, UDT, 
      VERSION)
    values (#{name,jdbcType=VARCHAR}, #{description,jdbcType=VARCHAR}, 
      #{partnerId,jdbcType=BIGINT}, #{appKey,jdbcType=VARCHAR}, #{appSecret,jdbcType=VARCHAR}, 
      #{authType,jdbcType=INTEGER}, #{status,jdbcType=INTEGER}, #{createBy,jdbcType=VARCHAR}, 
      #{updateBy,jdbcType=VARCHAR}, now(),now(), 
      #{version,jdbcType=INTEGER})
  </insert>
  <insert id="insertSelective" parameterType="com.kaistart.gateway.domain.GatewayAppDO">
    <!--
      WARNING - @mbg.generated
      This element is automatically generated by MyBatis Generator, do not modify.
    -->
    insert into gateway_app
    <trim prefix="(" suffix=")" suffixOverrides=",">
      <if test="name != null">
        NAME,
      </if>
      <if test="description != null">
        DESCRIPTION,
      </if>
      <if test="partnerId != null">
        PARTNER_ID,
      </if>
      <if test="appKey != null">
        APP_KEY,
      </if>
      <if test="appSecret != null">
        APP_SECRET,
      </if>
      <if test="authType != null">
        AUTH_TYPE,
      </if>
      <if test="status != null">
        STATUS,
      </if>
      <if test="createBy != null">
        CREATE_BY,
      </if>
      <if test="updateBy != null">
        UPDATE_BY,
      </if>
      <if test="cdt != null">
        CDT,
      </if>
      <if test="udt != null">
        UDT,
      </if>
      <if test="version != null">
        VERSION,
      </if>
    </trim>
    <trim prefix="values (" suffix=")" suffixOverrides=",">
      <if test="name != null">
        #{name,jdbcType=VARCHAR},
      </if>
      <if test="description != null">
        #{description,jdbcType=VARCHAR},
      </if>
      <if test="partnerId != null">
        #{partnerId,jdbcType=BIGINT},
      </if>
      <if test="appKey != null">
        #{appKey,jdbcType=VARCHAR},
      </if>
      <if test="appSecret != null">
        #{appSecret,jdbcType=VARCHAR},
      </if>
      <if test="authType != null">
        #{authType,jdbcType=INTEGER},
      </if>
      <if test="status != null">
        #{status,jdbcType=INTEGER},
      </if>
      <if test="createBy != null">
        #{createBy,jdbcType=VARCHAR},
      </if>
      <if test="updateBy != null">
        #{updateBy,jdbcType=VARCHAR},
      </if>
      <if test="cdt != null">
        now(),
      </if>
      <if test="udt != null">
        now(),
      </if>
      <if test="version != null">
        #{version,jdbcType=INTEGER},
      </if>
    </trim>
  </insert>
  <update id="updateByPrimaryKeySelective" parameterType="com.kaistart.gateway.domain.GatewayAppDO">
    <!--
      WARNING - @mbg.generated
      This element is automatically generated by MyBatis Generator, do not modify.
    -->
    update gateway_app
    <set>
      <if test="name != null">
        NAME = #{name,jdbcType=VARCHAR},
      </if>
      <if test="description != null">
        DESCRIPTION = #{description,jdbcType=VARCHAR},
      </if>
      <if test="partnerId != null">
        PARTNER_ID = #{partnerId,jdbcType=BIGINT},
      </if>
      <if test="appKey != null">
        APP_KEY = #{appKey,jdbcType=VARCHAR},
      </if>
      <if test="appSecret != null">
        APP_SECRET = #{appSecret,jdbcType=VARCHAR},
      </if>
      <if test="authType != null">
        AUTH_TYPE = #{authType,jdbcType=INTEGER},
      </if>
      <if test="status != null">
        STATUS = #{status,jdbcType=INTEGER},
      </if>
      <if test="createBy != null">
        CREATE_BY = #{createBy,jdbcType=VARCHAR},
      </if>
      <if test="updateBy != null">
        UPDATE_BY = #{updateBy,jdbcType=VARCHAR},
      </if>
        UDT = now(),
      <if test="version != null">
        VERSION = #{version,jdbcType=INTEGER},
      </if>
    </set>
    where ID = #{id,jdbcType=BIGINT}
  </update>
  <update id="updateByPrimaryKey" parameterType="com.kaistart.gateway.domain.GatewayAppDO">
    <!--
      WARNING - @mbg.generated
      This element is automatically generated by MyBatis Generator, do not modify.
    -->
    update gateway_app
    set NAME = #{name,jdbcType=VARCHAR},
      DESCRIPTION = #{description,jdbcType=VARCHAR},
      PARTNER_ID = #{partnerId,jdbcType=BIGINT},
      APP_KEY = #{appKey,jdbcType=VARCHAR},
      APP_SECRET = #{appSecret,jdbcType=VARCHAR},
      AUTH_TYPE = #{authType,jdbcType=INTEGER},
      STATUS = #{status,jdbcType=INTEGER},
      CREATE_BY = #{createBy,jdbcType=VARCHAR},
      UPDATE_BY = #{updateBy,jdbcType=VARCHAR},
      CDT = #{cdt,jdbcType=TIMESTAMP},
      UDT = now(),
      VERSION = #{version,jdbcType=INTEGER}
    where ID = #{id,jdbcType=BIGINT}
  </update>
  
  
  <!-- 新增处理 -->
  <sql id="where">
	<where>
	<if test="id != null and id != ''">and a.`ID` = #{id}</if>
        <if test="name != null and name != ''">and a.`NAME` = #{name}</if>
        <if test="description != null and description != ''">and a.`DESCRIPTION` = #{description}</if>
        <if test="partnerId != null and partnerId != ''">and a.PARTNER_ID = #{partnerId}</if>
        <if test="appKey != null and appKey != ''">and a.APP_KEY = #{appKey}</if>
        <if test="appSecret != null and appSecret != ''">and a.APP_SECRET = #{appSecret}</if>
        <if test="authType != null and authType != ''">and a.AUTH_TYPE = #{authType}</if>
        <if test="status != null and status != ''">and a.`STATUS` = #{status}</if>
        <if test="createBy != null and createBy != ''">and a.CREATE_BY = #{createBy}</if>
        <if test="updateBy != null and updateBy != ''">and a.UPDATE_BY = #{updateBy}</if>
        <if test="cdt != null and cdt != ''">and a.`CDT` = #{cdt}</if>
        <if test="udt != null and udt != ''">and a.`UDT` = #{udt}</if>
        <if test="version != null and version != ''">and a.`VERSION` = #{version}</if>
	</where>
  </sql>
  
  <!-- 查询所有 -->
  <select id="selectList" resultMap="BaseResultMap" parameterType="Map">
    SELECT
    a.`ID`,a.`NAME`,a.`DESCRIPTION`,a.PARTNER_ID,a.APP_KEY,a.APP_SECRET,a.AUTH_TYPE,a.`STATUS`,a.CREATE_BY,a.UPDATE_BY,a.`CDT`,a.`UDT`,a.`VERSION`,b.name as PARTNER_NAME
    FROM gateway_app a inner join gateway_partner b on a.PARTNER_ID = b.id 
    <include refid="where"/>
    order by a.`CDT` desc <if test="size != null or skip != null"> LIMIT #{skip}, #{size} </if>
  </select>
  
  <select id="selectPage" resultMap="BaseResultMap" parameterType="Map">
    SELECT
    a.`ID`,a.`NAME`,a.`DESCRIPTION`,a.PARTNER_ID,a.APP_KEY,a.APP_SECRET,a.AUTH_TYPE,a.`STATUS`,a.CREATE_BY,a.UPDATE_BY,a.`CDT`,a.`UDT`,a.`VERSION`,b.name as PARTNER_NAME
    FROM gateway_app a inner join gateway_partner b on a.PARTNER_ID = b.id 
    <include refid="where"/>
    order by a.`CDT` desc <if test="size != null or skip != null"> LIMIT #{skip}, #{size} </if>
  </select>
  
  <!--查询总数-->
  <select id="selectCount" parameterType="Map" resultType="Integer">
     SELECT count(*) FROM gateway_app a inner join gateway_partner b on a.PARTNER_ID = b.id 
     <include refid="where"/>
  </select>
  
  <!-- 查询所有 -->
  <select id="selectAppPage" resultMap="BaseResultMap" >
    SELECT
    a.ID,a.NAME,a.PARTNER_ID,a.APP_KEY,a.APP_SECRET,a.AUTH_TYPE,a.STATUS,a.VERSION
    FROM gateway_app a
    where a.status=1
  </select>
</mapper>