<?xml version="1.0" encoding="UTF-8" ?>
<!DOCTYPE mapper PUBLIC "-//mybatis.org/DTD Mapper 3.0//EN" "http://mybatis.org/dtd/mybatis-3-mapper.dtd">
<mapper namespace="com.kaistart.auth.mapper.UserMapper">

    <resultMap id="result" type="com.kaistart.auth.domain.User">
        <id column="id" property="id"/>
        <result column="name" property="name"/>
        <result column="password" property="password"/>
        <result column="cdt" property="cdt"/>
        <result column="udt" property="udt"/>
    </resultMap>

    <sql id="where">
        <where>
            <if test="id != null">id = #{id}</if>
            <if test="name != null">and name like concat('%', #{name}, '%')</if>
            <if test="password != null">and password = #{password}</if>
            <if test="cdt != null">
                <![CDATA[
                  and cdt between date_format(#{cdt}, '%Y-%m-%d 00:00:00') and date_format(#{cdt}, '%Y-%m-%d 23:59:59')
                ]]>
            </if>
            <if test="udt != null">
                <![CDATA[
                  and udt between date_format(#{udt}, '%Y-%m-%d 00:00:00') and date_format(#{udt}, '%Y-%m-%d 23:59:59')
                ]]>
            </if>
        </where>
    </sql>

    <select id="selectById" parameterType="Integer" resultMap="result">
        SELECT * FROM auth_user WHERE id = #{id}
    </select>

    <select id="selectCount" parameterType="Map" resultType="Integer">
        SELECT count(*) FROM auth_user
        <include refid="where"/>
    </select>

    <select id="selectList" parameterType="Map" resultMap="result">
        SELECT * FROM auth_user

        <include refid="where"/>

        ORDER BY id DESC

        <if test="size != null or skip != null">
            LIMIT #{skip}, #{size}
        </if>
    </select>

    <update id="update" parameterType="com.kaistart.auth.domain.User">
        UPDATE auth_user

        <set>
            <if test="id != null">
                id = #{id},
            </if>
            <if test="name != null">
                name = #{name},
            </if>
            <if test="password != null">
                password = #{password},
            </if>
            udt = now()
        </set>

        WHERE id = #{id}
    </update>

    <delete id="delete" parameterType="Integer">
        DELETE FROM auth_user WHERE id = #{id}
    </delete>

    <delete id="deleteList" parameterType="List">
        DELETE FROM auth_user
        <where>
            <if test="ids != null">
                id in
                <foreach collection="ids" item="item" index="index" open="(" separator="," close=")">
                    #{item}
                </foreach>
            </if>
        </where>
    </delete>

    <insert id="insert" parameterType="com.kaistart.auth.domain.User">
        INSERT INTO auth_user (name, password, cdt, udt) VALUES (#{name}, #{password}, now(), now())
    </insert>

    <select id="selectByName" parameterType="String" resultMap="result">
        select * from auth_user where name = #{name}
    </select>

</mapper>